"Time","Time Code","Country Name","Country Code","Ladder score","Access to electricity (% of population) [EG.ELC.ACCS.ZS]","Age dependency ratio (% of working-age population) [SP.POP.DPND]","Agricultural land (% of land area) [AG.LND.AGRI.ZS]","Compulsory education, duration (years) [SE.COM.DURS]","Employment in agriculture (% of total employment) (modeled ILO estimate) [SL.AGR.EMPL.ZS]","Employment in industry (% of total employment) (modeled ILO estimate) [SL.IND.EMPL.ZS]","Employment in services (% of total employment) (modeled ILO estimate) [SL.SRV.EMPL.ZS]","Exports of goods and services (% of GDP) [NE.EXP.GNFS.ZS]","Fertility rate, total (births per woman) [SP.DYN.TFRT.IN]","Foreign direct investment, net inflows (% of GDP) [BX.KLT.DINV.WD.GD.ZS]","Forest area (% of land area) [AG.LND.FRST.ZS]","GDP growth (annual %) [NY.GDP.MKTP.KD.ZG]","GDP per capita, PPP (constant 2021 international $) [NY.GDP.PCAP.PP.KD]","General government final consumption expenditure (% of GDP) [NE.CON.GOVT.ZS]","Gross capital formation (% of GDP) [NE.GDI.TOTL.ZS]","Gross domestic savings (% of GDP) [NY.GDS.TOTL.ZS]","School enrollment, primary (% gross) [SE.PRM.ENRR]","School enrollment, secondary (% gross) [SE.SEC.ENRR]","Imports of goods and services (% of GDP) [NE.IMP.GNFS.ZS]","Individuals using the Internet (% of population) [IT.NET.USER.ZS]","Inflation, consumer prices (annual %) [FP.CPI.TOTL.ZG]","Labor force participation rate, total (% of total population ages 15+) (modeled ILO estimate) [SL.TLF.CACT.ZS]","Labor force, female (% of total labor force) [SL.TLF.TOTL.FE.ZS]","Life expectancy at birth, total (years) [SP.DYN.LE00.IN]","Military expenditure (% of GDP) [MS.MIL.XPND.GD.ZS]","Mobile cellular subscriptions (per 100 people) [IT.CEL.SETS.P2]","Mortality rate, infant (per 1,000 live births) [SP.DYN.IMRT.IN]","Mortality rate, under-5 (per 1,000 live births) [SH.DYN.MORT]","Personal remittances, received (% of GDP) [BX.TRF.PWKR.DT.GD.ZS]","Population density (people per sq. km of land area) [EN.POP.DNST]","Population growth (annual %) [SP.POP.GROW]","Proportion of seats held by women in national parliaments (%) [SG.GEN.PARL.ZS]","Rural population (% of total population) [SP.RUR.TOTL.ZS]","Trade (% of GDP) [NE.TRD.GNFS.ZS]","Unemployment, total (% of total labor force) (modeled ILO estimate) [SL.UEM.TOTL.ZS]","Vulnerable employment, total (% of total employment) (modeled ILO estimate) [SL.EMP.VULN.ZS]","Control of Corruption: Estimate [CC.EST]","Out-of-pocket expenditure (% of current health expenditure) [SH.XPD.OOPC.CH.ZS]","Prevalence of undernourishment (% of population) [SN.ITK.DEFC.ZS]","Voice and Accountability: Estimate [VA.EST]"
"2023","YR2023","Afghanistan","AFG",1.85899996757507,85.3,83.8361728436287,58.4395075356853,9,51.2913264558988,19.2101817019298,29.4984918421715,16.8527881206002,4.84,2.27715131661601,1.85278199408184,2.26694373649188,1983.81261992909,21.2145146604881,15.2924823859473,-19.2855186503912,99.7844886779785,96.0685445766014,50.7318770310383,17.7089,-4.64470870797775,37.588,6.84841307897743,66.035,1.5448976529505,55.5475,50.4,55.5,1.8656461200228,63.5585008355948,2.13559384981397,27.3311897106109,74.5269470368833,67.5846651516385,14.008,81.4636847215318,-1.15493178367615,77.1395874,28.1,-1.85290133953094
"2023","YR2023","Albania","ALB",5.27729988098145,100,50.0239258237319,38.1240875912409,9,32.0385825807416,21.6488726713231,46.3125447479353,38.4188212901288,1.348,6.90036950940795,28.7919708029197,4.01541716935742,20481.0358398226,12.1218077852414,23.4392861436214,17.9244353290363,93.7138120137738,96.1368771236947,43.9336721089435,83.1356,4.75834555150039,63.882,46.3691107088254,79.602,1.7407334644623,92.9973,8.3,9.4,8.6677801890604,88.1056569343066,-1.54310811387613,35.7142857142857,41.7893913862143,82.3524933990723,10.669,46.7326588368579,-0.332218527793884,48.27462769,5.4,0.168997228145599
"2023","YR2023","Algeria","DZA",5.32910013198853,100,58.7709984775404,17.359031632336,10,9.8478645435881,31.9607938815742,58.1913415748377,23.7900604738163,2.766,0.489819143410424,0.830314224054683,4.10000000005964,15159.3242373415,17.9064173126831,37.6168765143841,41.457199011316,105.840748480875,101.264892578125,19.9497379768844,76.9081,9.32217375928322,41.507,16.9260507160775,76.261,7.39039327356489,111.606,19.7,22,0.753275484255268,19.3825602290762,1.49897601193923,7.86240786240786,25.267191635862,43.7397984507007,11.645,25.9252191073665,-0.589308321475983,45.00216675,2.5,-0.979883790016174
"2023","YR2023","Argentina","ARG",6.02370023727417,100,52.4243366823125,42.4367915620695,14,7.36522999791843,21.4115045495218,71.2232606251736,12.8223120961047,1.5,3.81190879856952,10.3212951412107,-1.85578803046339,27230.3968496682,16.3015627890885,19.3822632919135,18.0632398809628,102.535244031037,105.574584297051,13.8546391521167,89.229,133.488935594175,62.286,43.2487962439667,77.395,0.75569413987974,137.706,8.2,9.6,0.15535734613336,16.6399559321662,0.286976121920089,43.1906614785992,7.8054867742093,26.6769512482215,6.139,22.4431470253428,-0.360883951187134,24.46961784,3.4,0.533921837806702
"2023","YR2023","Armenia","ARM",5.34170007705688,100,48.7129653645231,58.5933621376878,12,28.0666154479176,20.4688283550424,51.464636561186,61.008329479156,1.9,2.39959276465582,11.6183158247114,8.29999999959539,19402.7510915578,12.0992285468561,22.9413054452812,21.5392143259663,98.0899878191202,89.4111027634947,62.4104205984709,79.9966,1.98041877615554,59.987,47.1937404282416,77.4658536585366,5.50629814850566,134.52,8.9,10,6.39621098617553,105.119108748259,-0.165163937436499,35.5140186915888,34.3043117991148,123.418750077627,12.405,33.974477975018,0.0583996474742889,80.47196198,2.5,0.0767075568437576
"2023","YR2023","Australia","AUS",7.09460020065308,100,54.8330501591457,47.2234443228177,11,2.14974802026124,19.6802287144108,78.170023265328,26.701068252275,1.5,2.03614704389564,17.4213145571644,3.58382100798981,60684.9596204883,21.2449452137028,23.873104248989,28.2309014351111,99.3657531738281,134.099243164062,22.3432710661529,97.0631,5.5970149253731,67.023,47.407414892407,83.0512195121951,1.86157133456052,112.513,3.1,3.7,0.0928559687058244,3.46591948538875,2.43450716351535,38.4105960264901,12.5133044346235,49.044339318428,3.668,9.25879255732326,1.78120493888855,15.84897614,2.5,1.50660192966461
"2023","YR2023","Austria","AUT",7.09730005264282,100,52.5940837665189,31.4743456131847,13,3.11719371426899,25.7210270134619,71.1617792722691,58.4867595713944,1.32,0.566112370322707,47.2402653902084,-0.786244288594673,64536.2981841434,20.2679436557872,26.0041363951547,27.7347896007605,100.902870178223,100.504371643066,56.6661552513376,95.3347,7.81413417002832,60.853,46.9103936029029,81.5414634146342,0.870829952423219,121.746,2.6,3.1,0.631386866730441,110.661185167232,0.989464653969154,40.9836065573771,30.7734641723979,115.152914822732,5.264,7.89303332366762,1.1336532831192,16.47774124,2.5,1.41124832630157
"2023","YR2023","Bahrain","BHR",6.17320013046265,100,29.2488272145239,10.125,9,0.88100328928879,35.1413180087999,63.9777911177961,87.351143952571,1.824,15.6428756083644,0.95,3.87811614845566,57819.9051831242,14.6137011761089,29.168098874443,46.5187908539067,93.8998953080421,104.392938701638,70.0967107297264,100,0.0746206782192256,70.7,21.1745923491847,81.284,3.52083573819693,153.9,7.2,8.6,1.8786395323162,1971.32375,3.37686417721007,20,0,157.447854682297,1.049,0.943956184784735,0.177784815430641,28.65578461,3.9,-1.37783300876617
"2023","YR2023","Bangladesh","BGD",4.28210020065308,99.5,53.0958193080833,72.311124788429,5,45.3663393707013,17.625867147727,37.0078031657165,13.1571638341204,2.163,0.339361232770537,14.4899215263887,5.77511237007889,8242.39798977242,5.66516962733289,30.9512000834944,25.7595140795099,103.116421399751,65.9856598598849,17.8258075763392,44.5027,9.8835030377921,60.885,35.6172233897572,74.672,0.919471499049507,114.355,24.4,30.6,5.04555725354251,1319.17979689183,1.22171475464107,20.8571428571429,67.8421534963166,30.9829714104596,3.352,58.1775397771731,-1.12086641788483,79.30711365,10.4,-0.753886342048645
"2023","YR2023","Belgium","BEL",6.85909986495972,100,57.321807211007,44.3792221420607,13,1.08549455456598,20.1484135056687,78.7661117864497,82.7431955739295,1.47,-0.652181403274143,22.604446776415,1.71412195515242,63095.4017281289,23.5329643613137,25.3195552348258,24.9589998809714,102.108009338379,142.960266113281,83.1037509277838,94.6263,4.04901077613941,54.407,46.7729961269504,82.3975609756098,1.18422875211757,103.196,3,3.6,2.24799476941634,386.303731881682,0.850263748167955,42.6666666666667,12.448507363228,165.846946501713,5.547,11.2062097881447,1.3368444442749,21.50983047,2.5,1.32572901248932
"2023","YR2023","Benin","BEN",4.37370014190674,57,81.5677814531873,41.8300133025896,6,41.8570674785988,18.3030821147503,39.8398666470266,20.003519091069,4.556,2.25158090881957,26.4734835047889,6.3527773854442,3721.21254814808,9.5040595229118,34.5306621756362,29.8754074185791,99.7844886779785,96.0685445766014,24.659611726952,32.2083,2.73870078406075,76.274,49.2868749073511,60.774,0.757551382919002,116.036,46.4,77.9,1.72082497476655,125.142195814118,2.52274772277722,26.605504587156,48.2542077035407,44.6631308180211,1.641,79.2295047303335,-0.0495794489979744,42.40531921,14.3,-0.218986943364143
"2023","YR2023","Bolivia","BOL",5.6842999458313,99.8,55.5037371721243,35.8307014677375,14,25.0789048195618,20.1135460348867,54.807564526608,22.4028095381649,2.547,0.458812480265399,46.3457431920982,2.51636590154891,11616.1575595159,16.8530546961722,18.9835359683279,14.1808295128474,98.5726894625786,91.3676827044767,27.2055160212948,70.2368,2.57688800489192,78.38,46.419341626028,68.581,1.30430837360161,122.291,20,23.1,2.76917067099173,11.3026483891812,1.37334382280772,46.1538461538462,29.0848585955462,49.6083255594597,3.024,63.0558406178017,-0.838301062583923,27.31554413,21.8,-0.265191316604614
"2023","YR2023","Bosnia and Herzegovina","BIH",5.63250017166138,100,53.5210215348666,21.73828125,9,17.5725491192176,30.6296289316473,51.7978219491351,43.9317394171743,1.486,4.0920266922729,42.7326171875,1.99439414850893,19805.0002774731,19.1261848173666,27.0433997525874,11.1614936941978,101.194877624512,87.8663787841797,55.70129237827,83.3772,6.1059011284828,49.428,42.4571473743846,77.85,0.717630060649091,117.734,5.3,6,10.2332695977764,62.20845703125,-0.617510129445164,19.0476190476191,48.4342760165695,99.6330317954442,10.668,18.7797277887073,-0.581560015678406,30.96058273,2.5,-0.319465935230255
"2023","YR2023","Botswana","BWA",3.43530011177063,76,56.8649822627192,45.63372328975,10,17.9988800848586,15.7904620560458,66.2106578590955,32.2498582865187,2.732,3.82011318135645,26.2908263194114,3.20806812224438,18932.4802712334,29.2900715297286,30.2958784873742,27.815755648889,99.7844886779785,96.0685445766014,36.553499549563,81.36,5.0676154934383,68.276,46.7765184777595,69.163,2.45625898216649,179.027,38.2,39.6,0.360745147280346,4.37641204806522,1.64031664035479,11.1111111111111,32.9787344650136,68.8033578360816,23.381,25.7590725645829,0.685792088508606,4.25866175,24,0.504056930541992
"2023","YR2023","Brazil","BRA",6.12459993362427,99.8,44.0290947589819,28.3267329812614,14,8.20281833943009,20.171570324784,71.6256113357859,17.9693243032658,1.619,2.86383330702497,58.9818729765235,3.24165532813583,19079.8122132253,19.0426107944103,15.7606472061782,18.0330659825811,99.7844886779785,96.0685445766014,15.6969055268626,84.1506,4.59356282283204,62.915,43.3245861425663,75.848,1.00237538990131,101.02,12.5,14.4,0.202347517951754,25.2616884857157,0.395928695574996,17.5438596491228,12.3840289764237,33.6662298301284,7.947,27.0083134719641,-0.503643155097961,26.23070717,2.5,0.382853865623474
"2023","YR2023","Bulgaria","BGR",5.46610021591187,100,57.1601451805102,46.0850221075903,12,6.24514892446081,29.5905328513096,64.1643182242296,62.0049747441024,1.81,5.05888344751487,36.2196020633751,1.68151074972904,33073.8179631314,18.4564371446211,19.7877526320657,23.8981956228087,95.4232177734375,95.6239624023438,57.8945312124535,80.3896,9.44284140088564,56.896,46.7338413170357,75.7073170731707,1.94458310651254,117.933,5,6.1,2.2372183910043,59.3827929255711,-0.286577641861364,24.1666666666667,26.2677328415387,119.899505956556,4.319,7.18531662064668,-0.137721657752991,35.50430679,2.5,0.388988107442856
"2023","YR2023","Burkina Faso","BFA",4.63759994506836,21.7,81.8908186351026,53.4020054824561,10,52.6974361025137,16.5607659480594,30.7417979494269,28.9402085370677,4.186,0.544129932348491,22.172514619883,3.00027415814125,2486.20669812871,20.8974398580733,20.4019181340469,15.1436182865323,72.2385948607578,30.8551216331757,34.1924766322622,17.0226,0.742910428668918,71.195,46.2742367309591,61.092,4.0787117239204,122.291,44.8,77.3,2.90560060201336,84.1585380116959,2.26973666268599,16.9014084507042,72.2127521634842,63.1326851693299,3.601,80.7952002997066,-0.169615507125854,43.82195663,13.1,-0.809887170791626
"2023","YR2023","Cambodia","KHM",4.39349985122681,95,56.4253473651475,34.8648294810786,10,35.304617697339,27.5630254285235,37.1323568741375,66.8926660552171,2.579,9.35096701989758,43.0619759800589,5.00733043811898,6695.29194763723,6.07786090254716,33.2944796211269,33.5950747279496,107.039014463223,56.7864734981041,67.3141763407136,60.7171,2.12746796594194,82.348,48.6872561114308,70.668,1.5448976529505,120.809,20.3,22.9,6.57102335601563,98.7076818490822,1.28320677599476,13.6,59.3709211927492,134.206842395931,0.256,52.8614074933367,-1.29921674728394,60.60118866,5.2,-1.29242181777954
"2023","YR2023","Cameroon","CMR",4.97319984436035,72,80.2951604071451,20.9365149880476,6,42.9033266786034,14.5710045641327,42.5256687572639,16.8527562193087,4.322,1.68299656289954,42.6741130925938,3.34756290750219,4875.25120768005,11.2406870791033,19.2850918964923,15.1006099414375,114.424832636759,44.840795775403,21.0375759049491,41.9088,7.38281384280984,65.552,44.0218429403958,63.7,0.926490469517272,96.4817,41.2,67.2,1.61132543192255,60.0213386642973,2.64245336134821,33.8888888888889,44.8713121488612,37.8903321242578,3.607,68.0402482666017,-1.16255974769592,67.65119171,4.8,-1.0663970708847
"2023","YR2023","Canada","CAN",6.96070003509521,100,53.0518455100351,6.47137801950231,10,1.27154303625992,19.2138940692638,79.5145677542417,33.3498760996793,1.26,2.01979850018061,39.4617117321106,1.52874550838358,57517.4431587432,20.9054437744776,23.894901169469,23.9645034954547,94.9523391723633,104.287643432617,33.2824552373876,93.9564,3.87900159788426,65.361,47.3398705882745,81.6465853658537,1.25316567875902,94.1497,4.4,5.1,0.0389811694078447,4.56079784268436,2.90468017061162,30.6547619047619,17.4749435591654,66.6323313370668,5.415,9.46796503398798,1.67150104045868,15.20306873,2.5,1.4796462059021
"2023","YR2023","Chad","TCD",4.39659976959229,12,95.3580792822124,39.9756194409149,10,71.9284339110386,8.62912059617787,19.4424454927835,29.121747948314,6.12,4.97994045498876,3.16103105146125,3.98004368401293,2433.09879153397,9.39409136356972,19.3001907209327,30.6485851081263,88.3436578594334,24.1941648001316,17.7733535611204,13.1832,10.8363568399843,59.702,40.2849527547571,55.069,2.11758982875058,70.1874,58.7,101.1,1.8786395323162,15.342331639136,4.57399213394625,25.8883248730965,73.6694604828954,46.8951015094343,1.059,90.1074267881898,-1.48240697383881,51.67914963,32,-1.43493866920471
"2023","YR2023","Chile","CHL",6.33379983901978,100,45.0908347497625,14.4010249751882,12,6.20836594247335,22.1060875466725,71.6855465108541,30.8110620735322,1.167,5.47730938390937,25.0116461113584,0.521367977246825,29563.6780243659,15.299339236854,23.3620550113744,24.259455470998,100.318382263184,105.83097076416,29.9136616139086,94.4574,7.58168251407962,61.521,42.70806769874,81.167,1.63026388670906,135.871,6.2,7.2,0.0289306042743538,26.4647249005172,0.53962870957127,35.4838709677419,11.1841382782028,60.7247236874408,9.013,21.4932685385367,0.968603789806366,34.59329987,2.5,1.01794922351837
"2023","YR2023","China","CHN",5.81790018081665,100,44.7297141014082,55.4326117545304,9,22.8008772042629,31.4267217641686,45.7723935112505,19.102471716101,0.999,0.280991103634816,24.0319389958256,5.41484330099675,22687.0758723942,17.1891419707315,41.1297102455381,43.2426128146045,99.1718634239571,96.0685445766014,17.0027206530128,90.6,0.234836828893051,65.83,45.2834854096898,77.953,1.66484889659813,128.247,4.5,6.2,0.161377801607252,150.264001337848,-0.103794531589067,26.5367819952973,34.4698551964477,36.1051923691138,4.67,34.2291488221934,-0.00537010468542576,32.17354584,2.5,-1.50455415248871
"2023","YR2023","Colombia","COL",5.63040018081665,98.7,42.8026198463432,36.4876070301938,12,14.3964971136151,19.9926020656988,65.6109008206861,17.8316784070298,1.645,4.58478761240549,52.7661596214511,0.712380031974334,18382.9976800475,14.6540810646728,16.4396849097732,11.7149092304372,99.7844886779785,96.0685445766014,22.5564540863658,77.3369,11.7359044948689,63.736,41.5505645661573,77.725,2.96545217971359,166.98,10.9,12,2.76052929017364,47.1574150518251,1.12092864340999,28.8770053475936,21.724428420456,40.3881324933956,9.591,43.7977677955096,-0.309191286563873,14.63377953,3.9,0.205213740468025
"2023","YR2023","Comoros","COM",3.54520010948181,89.8,72.0409311057792,71.4669532509404,6,34.6186380938954,14.7483434371916,50.633018468913,10.354880611033,3.878,0.403422329791574,16.9801182160129,2.99521564038136,3434.40177367723,9.44262274742877,13.0144879484644,-13.2388534352384,99.7844886779785,96.0685445766014,35.3288983085942,35.6678,8.37373955490996,55.422,42.4230920455008,66.777,1.5448976529505,109.856,35.7,39.8,23.0303696786832,456.951638903815,1.92327433672711,16.6666666666667,66.8497819053099,45.6837789196272,3.833,57.0393345551953,-0.990109264850616,56.56671524,15.4,-0.808809578418732
"2023","YR2023","Congo, Dem. Rep.","COD",3.207200050354,22.1,96.6825341170883,15.480763018019,6,59.5242688719329,7.97752878481026,32.4982023432569,42.0539835211192,6.051,3.40082269757578,54.1898572594341,8.5334898318451,1559.33806475859,16.8866147903097,34.0781273164972,31.4460361789654,117.602096557617,55.4860992431641,44.6860746587097,30.548,5.97802515541409,64.396,48.697669502382,61.895,1.11885996027452,53.1889,44.5,73.2,4.722354634934,46.6640484329856,3.25963514299902,12.8,55.6245265107806,86.7400581798289,4.469,82.0686837854649,-1.48051190376282,38.00354767,38.5,-1.21333003044128
"2023","YR2023","Congo, Rep.","COG",5.26709985733032,51.3,77.9305853486992,31.1900439238653,10,37.1038479033576,19.6306874217558,43.2654143570793,56.8959278033859,4.157,4.0889721782705,64.1317715959004,1.90686426346754,6172.28776650683,13.0993020877754,25.2109559920067,42.7924171948166,87.880241394043,96.0685445766014,39.314466600576,38.3791,4.30174563591016,67.897,48.6384725296954,65.772,1.97625641072141,94.8715,27.6,40.5,0.286923412425026,18.1050805270864,2.41919038084212,14.5695364238411,36.3373242384375,96.2103944039618,19.919,76.1059854038104,-1.34527885913849,27.97068977,26.4,-1.15416669845581
"2023","YR2023","Costa Rica","CRI",6.6085000038147,100,45.0322532261748,33.1439992166079,13,13.4111451573441,20.2061259917745,66.3827288508814,38.9156320351491,1.33,5.4191807109794,60.3991382687035,5.11192183224598,25979.6286150717,14.873493459823,15.2565937229937,20.6158587131149,106.156616210938,125.510070800781,33.5563670450278,85.3951,0.525193508693455,56.831,39.5453271515166,80.799,1.5448976529505,145.789,9.2,10.5,0.765456761111265,99.9906972189581,0.46646444898736,47.3684210526316,21.1180606358298,72.4719990801769,8.325,23.7673101793058,0.653749406337738,24.12618256,2.5,1.0699063539505
"2023","YR2023","Cote d'Ivoire","CIV",5.05270004272461,72.4,78.077474446433,86.4758163522013,10,47.0773577999683,13.7922381949167,39.1304040051151,22.4353390507141,4.283,3.07641433618414,7.85551603773585,6.60000045223954,6520.89886460031,9.26221456590429,24.5444478808032,20.5981220718982,91.8093412241399,63.9607557764462,26.3816648596191,40.6528,4.36972254867474,67.129,43.128939141465,61.944,0.864878467778842,171.989,46.6,67.1,1.62303459294911,98.0052012578616,2.50384681190665,13.7254901960784,46.5924798361296,48.8170039103332,2.263,70.107152568218,-0.313007414340973,31.99314499,11.1,-0.375480622053146
"2023","YR2023","Croatia","HRV",6.125,100,58.6141257780841,26.554681915654,8,4.65998285274505,27.4427983052614,67.8972188419936,52.5676679699973,1.46,3.90300483680134,34.785739814153,3.76164540703459,41320.2032633085,20.9014881150441,24.665931641659,22.5229535733495,101.157791137695,105.025161743164,54.7106460383067,83.2412,7.9412817758683,52.257,47.1887436568448,78.4731707317073,1.70663158780592,117.113,3.9,4.6,7.09611874772375,68.9722301644031,0.104856226330186,31.7880794701987,42.7568439327802,107.278314008304,6.121,7.24937678198308,0.181928679347038,9.37740326,2.5,0.569745063781738
"2023","YR2023","Cyprus","CYP",6.13000011444092,100,43.6311017609808,13.9606385281385,10,2.46077857284256,16.1298941128752,81.4093273142822,96.3899953620863,1.389,-63.1546692723109,18.6655844155844,3.61945644636856,51453.7265625,18.4416024400142,21.4725198606437,23.5117283418757,98.5918273925781,102.400848388672,94.350793046243,91.2211,3.54134188751663,67.945,45.838938597589,81.648,1.6506068333336,155.696,2.9,3.5,1.8055958166083,145.560173160173,1.0167681770201,14.2857142857143,33.3260522477361,190.740788408329,5.835,8.89235893368108,0.332707405090332,17.9429245,2.5,0.974570155143738
"2023","YR2023","Czechia","CZE",6.8452000617981,100,56.7878159701296,45.8019594048309,10,2.90760214870837,36.5052539158177,60.5871625686937,68.4031069284452,1.45,3.4462419046487,34.7623883740408,0.0475803308973752,47558.4106763314,19.5529041451606,28.2189210871769,33.1325366481911,99.699089050293,97.6154174804688,63.489491367431,85.994,10.6612601372426,60.434,44.963523952815,79.8780487804878,1.47176821017418,126.005,2.1,2.6,1.23917377978351,140.785547662605,1.78238907045946,26,27.2647611603183,131.892598295876,2.579,14.0228953824832,0.767809867858887,14.59681702,2.5,1.07654917240143
"2023","YR2023","Denmark","DNK",7.58640003204346,100,57.3988511670291,65.525,10,2.02027441199317,19.2575538598929,78.7221717281139,69.3143620591443,1.5,2.21212901346256,15.7815,0.604587766175584,69379.22000847,22.617097497429,23.6446197797629,32.6479997234192,99.8698883056641,126.98078918457,60.3109753721333,98.7756,3.30517811237606,63.752,47.4749172110428,81.8536585365854,1.99961332917573,126.919,3,3.4,0.375706236320771,148.6738,0.741185515720057,43.5754189944134,11.447361457133,129.625337431278,5.094,5.69211349548988,2.37605309486389,13.97692299,2.5,1.66469931602478
"2023","YR2023","Dominican Republic","DOM",5.5689001083374,99.6,52.6597760530361,55.3530808941944,15,7.38570740116142,19.1777587856683,73.4365338131703,21.3233165320401,2.243,3.94375586800192,44.9887775472934,2.19229848237939,23282.4895071054,11.2787393309517,27.8145628515185,20.6175827391569,101.644848757662,75.4805556926418,28.5202966444017,84.6161,4.78561281021135,64.282,41.4195355812785,73.72,0.779308679345321,91.8676,28.4,31.4,8.81581566434817,235.098143035751,0.891159203732232,27.8947368421053,27.6422008176662,49.8436131764417,5.555,38.3000462029361,-0.449474930763245,25.05566978,3.6,0.325887054204941
"2023","YR2023","Ecuador","ECU",5.55889987945557,98.7,49.4714073657307,21.5413110001611,15,29.9978106319384,17.4666997356192,52.5354896324424,28.5659295875425,1.823,0.39702767894988,49.5450958286359,1.98823813984235,14343.0190134813,13.5836201122079,20.650593270293,20.7846988804689,97.2490097236115,92.8118025876465,28.4318239773666,72.6943,2.21568764237058,64.489,41.1568844773787,77.392,2.2651385614971,101.032,11.1,13.1,4.50067266318947,72.3952448059269,0.872456027022398,43.0656934306569,36.8692270445737,56.9977535649091,3.51,48.6267465931014,-0.647337436676025,30.88848877,12.1,-0.061911303550005
"2023","YR2023","Egypt, Arab Rep.","EGY",4.17049980163574,100,59.7566710357047,4.07654829474107,12,18.2880136371241,29.199388245451,52.5125919126401,19.1060913405676,2.75,2.48546398363597,0.0451855944547692,3.76028052279247,16691.387399222,6.78850660732221,16.4907339937373,14.2515312050732,95.9217069393801,84.474862198776,21.3443094314355,72.6899,33.8847763115546,44.669,20.6197757699464,71.633,0.808918707093165,92.8262,16.1,17.5,4.93326942206534,115.059291777588,1.68834126904494,27.5337837837838,57.2901884958081,40.4504007720031,6.753,24.2996659219683,-0.747790396213531,57.19506836,9.4,-1.37938976287842
"2023","YR2023","El Salvador","SLV",6.12160015106201,98.3,49.7246065816785,57.707528957529,15,14.2303167942656,23.3019703166168,62.4677128891176,31.3971431390261,1.775,1.89928827474734,27.5279922779923,3.5391566928735,11424.6459176917,19.0636599462278,20.6846824919049,1.76419642735823,90.8837213469188,65.5709865566541,50.3176292035728,67.6558,4.04554694222477,61.56,42.4132206028198,72.099,1.33693500391086,179.706,9.2,10.4,24.4783735978559,304.518532818533,0.465531145369394,27.3809523809524,25.3919324850097,81.7147723425988,2.992,31.5097717413482,-0.561315059661865,32.4943924,6.7,-0.474436670541763
"2023","YR2023","Estonia","EST",6.4552001953125,100,58.4343478723355,23.1219283875497,9,2.5942553951329,27.3721862263263,70.0335583785408,77.7746597010983,1.31,12.540812828973,57.0652937046572,-2.74421914571231,41288.6165892158,20.5544434569907,25.2415123920517,26.0616818606635,98.3381576538086,108.442070007324,76.8179574100507,93.1834,9.15922507983982,65.604,49.5386635672625,78.490243902439,2.99572297522503,150.196,1.6,2.1,1.17495352017049,32.0684764802247,1.57745133607335,28.7128712871287,29.3229914476874,154.592617111149,6.378,7.00020973986588,1.53812229633331,22.09991646,2.5,1.21992552280426
"2023","YR2023","Ethiopia","ETH",4.09060001373291,55.4,74.0248657156642,34.0779564851996,8,62.1745084426461,6.36148510906765,31.4640006362268,6.59591829014293,3.989,2.40146315358044,14.9308975782695,6.59424599357075,2757.95923634026,6.31777188442684,22.1694039604718,14.7630390334925,83.7319745881618,96.0685445766014,14.0022832171223,83.1884,30.2188278135278,68.459,42.838588907232,67.315,0.882490047359025,122.291,35.7,46.5,0.396956017595772,114.037952012,2.6036241976442,41.3135593220339,76.9413528442383,20.5982015072652,3.375,84.7805284836266,-0.465061634778976,46.26859283,19.7,-1.06066715717316
"2023","YR2023","Finland","FIN",7.80420017242432,100,62.6357187918865,7.44176865377023,12,3.61668081097713,21.3671841746729,75.0161350143499,42.7930569401278,1.26,-0.0389119475535467,73.7235162521384,-0.939093459613758,56250.8787899319,25.6197589866886,22.9633348970856,22.9090922418343,99.1151733398438,142.861724853516,42.7703336656307,93.5139,6.25064322154763,60.275,48.5290609440681,81.6853658536585,2.0075369530221,127.473,1.8,2.3,0.253629995298074,18.3705454665088,0.499192375381062,46,25.9937451397172,85.5633906057585,7.149,9.76066176622248,2.22151660919189,14.09493542,2.5,1.63263607025146
"2023","YR2023","France","FRA",6.66130018234253,100,62.6913599952639,52.5043974394656,13,2.50551207357095,19.245754578992,78.2487367442902,34.4562568778842,1.66,0.590645170561014,32.4764820484275,1.43921494437743,54296.7230897731,23.0901262196221,22.9278749312543,21.2142436260002,103.265121459961,103.962417602539,36.1698881831383,86.8364,4.87835726508441,55.938,48.5123937962774,82.9292682926829,1.95099683800051,116.688,3.4,4.3,1.20083883326395,126.862020595603,0.275093143443794,37.7816291161178,21.2195676873453,70.6261450610225,7.335,8.08089252177034,1.18482184410095,9.26032639,2.5,1.15460133552551
"2023","YR2023","Gabon","GAB",5.0346999168396,94.1,68.6454953915487,8.35656459812939,10,29.3150261549517,18.2791046275334,52.4057146830885,63.728277780069,3.647,5.93517225575899,91.1823650405558,2.43893665064327,18701.4227766897,11.4661377111924,18.0760661101408,54.0539683515869,99.7844886779785,96.0685445766014,27.7503755386229,71.9256,3.62901534185376,51.5,39.7609908786164,68.337,1.32324399735374,122.607,26.5,33.2,1.8786395323162,9.64329956921644,2.19891289669511,24.4897959183673,8.3624037202687,91.478653318692,20.161,29.9180194867911,-1.01552844047546,17.27153969,25.3,-0.919151186943054
"2023","YR2023","Gambia, The","GMB",4.27939987182617,66.9,77.6473477794781,62.6482213438735,9,29.0675172421552,18.5957910014514,52.3366917563934,7.05322371368282,4.006,8.62799548703865,22.2792391304348,5.9167957146697,2963.59873325179,9.61731353349514,27.4459749812404,-2.42970515893751,98.7359670428779,96.0685445766014,32.9087936094866,45.9137,16.9742129632327,47.549,48.2442549296071,65.86,0.581008845800962,122.291,33.8,44.1,21.614131460784,266.5854743083,2.30124049704572,8.62068965517241,36.1979817543892,39.9620173231694,6.479,64.1418019599239,-0.281129717826843,33.7826767,16.8,-0.0410085804760456
"2023","YR2023","Georgia","GEO",5.10909986495972,100,57.1296262620538,34.1329687724852,9,35.6338894910963,16.1027578488239,48.2633526600798,49.2670598313658,1.81,6.86202066832702,40.6159159591308,7.83220126555726,22590.5293649146,12.1485458625234,24.9987945206376,16.3817350217902,100.887260863464,103.183588288651,57.8841193302132,81.8843,2.48776056578715,64.042,48.0602615485334,74.496,1.65864808405362,155.25,8,9.2,13.6504078223071,65.0037265124742,0.0802640328443946,18.4397163120567,39.2476922200276,107.151179161579,11.549,43.5648041038313,0.617694795131683,58.75926208,2.5,0.0347131341695786
"2023","YR2023","Germany","DEU",6.89179992675781,100,57.9918953896649,47.4658729931603,13,1.21168390188867,26.3957028467134,72.3926155732498,42.9672624196847,1.39,1.69740103499567,32.6789342643734,-0.869647578573321,63039.3719696432,21.0588698152068,21.994283425489,25.9662598860951,102.190689086914,100.603057861328,38.9952859590786,92.4764,5.94643667725823,61.05,46.5804663961253,80.5414634146342,1.48796332620564,124.663,3.1,3.7,0.460768626602933,238.351810090719,0.131511079477747,35.1902173913043,18.0965633307871,81.9625483787634,3.071,4.44476279613189,1.66416621208191,11.05290699,2.5,1.46138572692871
"2023","YR2023","Ghana","GHA",4.60500001907349,89.5,66.1425812587668,55.393019913595,11,36.0071785301449,17.6354156979607,46.3573976923314,31.7708164934404,3.397,1.63794208213468,35.1921958573042,3.14009099763754,6808.53775165029,5.49933849254746,10.1167734490213,9.27054490534615,99.7844886779785,96.0685445766014,32.6170450347243,69.9445,38.1069656296501,59.067,47.4044046300346,65.498,0.398080247565807,98.8059,28.2,37.1,3.04707983222618,148.49676310689,1.90860289687983,14.5454545454545,42.1925262225346,64.3878615281647,2.829,60.651477788433,-0.0990211144089699,26.67723274,6.3,0.410351544618607
"2023","YR2023","Greece","GRC",5.93090009689331,100,58.9062451092587,41.6760178432894,10,11.4759495085773,15.9526314447748,72.5713945343447,43.8388384656124,1.32,1.94366777616511,30.2699767261443,2.13591131996631,36700.5134631056,19.3306773184981,16.1682825755533,11.3748329364799,102.020217895508,105.191741943359,48.6322498290894,85.0102,3.46480128513405,51.801,44.8417142289226,81.5365853658537,2.88325472633445,110.792,3.2,3.7,0.223070437548297,80.7397284716835,-0.283349545727581,23,21.2253696157912,92.4710882947018,11.023,23.6681730294069,0.0978469252586365,34.30307007,2.5,1.01216721534729
"2023","YR2023","Guatemala","GTM",6.15030002593994,100,58.4095417496558,43.0384471817842,16,29.8079302323534,22.5148985440343,47.6771712236122,16.6062377966274,2.311,1.58123029170621,32.5961179544606,3.5331575177533,12384.948508094,11.2417426602033,16.4754437049976,1.39084430641859,102.032228557129,47.3762534803949,31.6908329501082,56.0535,6.20657592272126,59.586,32.6090676094742,72.602,0.41898209578954,113.709,17.9,21.4,19.1445837880762,169.138092571855,1.53986971917384,20,44.3917680434461,48.2970707467356,2.344,36.6134557678145,-1.12161290645599,57.18184662,11.8,-0.53369927406311
"2023","YR2023","Guinea","GIN",5.07170009613037,51.1,80.7795140106788,73.2292487384014,6,49.0242038204544,13.9586503818969,37.0171693809915,44.1320630492989,4.217,5.8682281330222,24.6988442129253,5.54172668627702,3904.82395527998,13.491592156736,23.4269896966463,15.8615853937226,99.7844886779785,96.0685445766014,51.6974637089281,26.5014,7.80497591927973,52.812,41.6378587732032,60.74,2.13309701622161,122.291,61.5,95,2.21728188238975,58.6255412664822,2.46199049961035,29.6296296296296,62.3545916045295,95.829526758227,5.141,79.7496015595189,-0.897673428058624,54.41574097,11.4,-1.14505314826965
"2023","YR2023","Honduras","HND",6.02250003814697,95.6,54.5329302016737,31.9599606756636,12,22.9822436621164,21.7870265831879,55.2307297546957,37.3686804713719,2.5,3.16136364280263,56.2732147645008,3.57584760454412,6467.8800352783,14.9293299388294,22.1864309601857,-1.86818793070688,82.5478821305927,54.5012702941895,61.4232993622646,58.2789,6.66325180347457,56.485,34.860503371274,72.884,1.52388630538342,74.4148,13.3,15.5,26.1039039273527,95.1367503798373,1.71477388415816,27.34375,41.6867607294898,98.7919798336365,6.07,34.3721389715693,-1.11195814609528,53.06166458,14.8,-0.45370152592659
"2023","YR2023","Hong Kong SAR, China","HKG",5.30849981307983,100,47.8071542342089,3.80952380952381,9,0.191104185514937,14.0265540796666,85.7823146393718,176.797005304001,0.751,32.0136011857385,30.1929030014588,3.2238599613664,64434.5576690871,13.3006615253428,16.1396966154143,16.7262070759346,99.7844886779785,96.0685445766014,176.210494843481,95.9778,2.09660511249089,57.216,50.8073046586586,85.2473170731707,1.5448976529505,319.494,10.8,13.1,0.119085906031378,7177.2380952381,2.55352466697343,27.3311897106109,0,353.007500147482,2.949,6.18938579228576,1.62514543533325,30.88848877,3.1,-0.320146769285202
"2023","YR2023","Hungary","HUN",6.04120016098022,100,54.5703480456464,55.6985097523559,13,4.42777980045488,31.0319467829846,64.5402734165606,81.23463230178,1.51,-33.1910318158223,22.4484341442034,-0.817107370513455,40333.2546888118,19.9521193750233,26.0318946328214,30.1154117689122,103.570762634277,105.419059753418,77.1511151656892,91.4501,17.1249659678737,60.61,46.8474243538131,76.7707317073171,2.04951096796972,105.054,3.2,3.8,2.40983965445182,105.108327854482,-0.134269181500181,14.070351758794,29.7076973108569,158.385747467469,4.096,8.24644417864645,-0.000498130626510829,23.05996895,2.5,0.35952889919281
"2023","YR2023","Iceland","ISL",7.52960014343262,100,50.1598302412054,16.2451651294258,10,3.77673183894094,18.2479457198495,77.9753224412096,44.1458930228565,1.59,5.95630440129812,0.528744421303184,5.18615760140189,68118.3960312086,25.1365329197638,25.1512117728756,26.0380559063839,98.2218322753906,108.911361694336,43.2590488893482,99.8301,8.73630299937298,74.748,45.9803153772886,82.6073170731707,1.5448976529505,123.382,1.9,2.6,0.697213311817886,3.82488346722206,0.953546915490719,47.6190476190476,5.84817382151989,87.4049419122047,3.518,10.2814429298707,1.55130612850189,14.68500805,2.5,1.44590175151825
"2023","YR2023","India","IND",4.03579998016357,99.5,47.0132181120622,60.0604064994164,8,43.5135811245793,25.0292115986201,31.4572072768006,21.4486977833541,1.975,0.771919134264091,24.5390304689576,9.19075493028345,9301.75603225735,10.3054222433801,33.3623103638844,29.506488955632,113.164575709104,79.3250397483992,23.544144504402,83.1884,5.64914318907925,54.697,27.5277753691858,72.003,2.35679426678262,80.5632,24.5,27.7,3.28504639847322,483.679010086809,0.883289539766135,15.2416356877323,64.9323081575814,44.9928422877561,4.172,72.7628402822064,-0.366014748811722,43.88510513,12,0.0944044888019562
"2023","YR2023","Indonesia","IDN",5.27689981460571,99.4,47.0224568841154,29.1258057551148,9,28.7792280576249,21.951549784263,49.2692149419358,21.7538472039177,2.127,1.57116694173474,47.7220336902463,5.04902331835997,13889.9749067297,7.45486118997106,30.3425864737035,38.1195860293064,98.1566275726904,96.0002120295081,19.5824396668474,69.2084,3.66938654859761,67.899,39.4848201375615,71.146,0.821108120466812,125.238,17,20.6,1.05507286323115,148.57692229227,0.842666137328498,21.5652173913044,41.8820646602122,41.3362868707652,3.308,50.671641325763,-0.48687219619751,31.0836544,6.3,0.138982817530632
"2023","YR2023","Iran, Islamic Rep.","IRN",4.87629985809326,100,44.414481053557,29.008936825886,9,14.0724777665032,35.0039654425064,50.9235642909999,23.9216475542357,1.695,0.310885408088419,6.64923611710324,5.33235117216407,17044.8173461033,12.5507486764489,43.772806898094,43.9546596913847,99.7844886779785,96.0685445766014,25.4719025417845,79.6309,44.5791857572797,41.517,16.7869968566676,77.654,2.35179187276968,166.28,10.7,11.8,1.8786395323162,55.8451198767334,1.20408185634218,5.59440559440559,23.3240432739258,49.3935500960203,8.129,40.0099577621982,-1.23189043998718,43.14528656,6.8,-1.45358419418335
"2023","YR2023","Iraq","IRQ",4.94089984893799,100,68.0336199589456,21.8307880128072,6,8.36063691123896,26.6212558216565,65.0181172620081,39.6312322400043,3.249,-1.99474822313262,1.90035242899592,0.517705525131191,13202.3228073875,17.527542508163,24.0865197018349,42.6876252389217,99.7844886779785,96.0685445766014,29.8300885590124,81.7291,4.35835351089586,41.628,13.2302377986631,72.324,2.26269486919183,101.389,20.8,22.6,0.432049782942699,103.826155759795,2.25148890849618,29.0519877675841,30.131721496582,69.4613207990167,15.239,27.0725257191358,-1.32103753089905,53.9823761,14.9,-0.958918929100037
"2023","YR2023","Ireland","IRL",6.91079998016357,100,52.8088109767237,60.8070837567136,10,4.63227712600625,17.2768822949357,78.0908405790581,136.52636667411,1.5,-24.6702589530642,11.5259108724053,-2.53637409313261,117862.128878959,11.8263997853123,26.6582803909323,60.5237336032236,99.7844886779785,96.0685445766014,103.123260911001,96.4974,6.29942487419125,66.184,46.2484008731005,82.8609756097561,0.230374711003044,110.798,3.4,3.8,0.100626960522158,77.1017273914937,1.87573900211149,23.125,35.8847917538732,239.649627585111,4.243,10.3210240374341,1.5752888917923,11.29947281,2.5,1.48345601558685
"2023","YR2023","Israel","ISR",7.47289991378784,100,66.7509366513991,24.8012939001848,15,0.812389286822541,15.4236915100251,83.7639192031524,30.4105026275679,2.85,3.15712318737314,6.46950092421442,1.82652049482384,47527.151024672,22.3099973815371,26.1101982037385,28.9408785394085,96.4853820800781,96.4655990600586,27.5798180861304,87.0384,4.22522603168918,65.055,47.9097760118536,83.1951219512195,5.38479973351622,153.337,2.7,3.4,0.193309194499678,455.129390018484,3.00437405991345,24.1666666666667,8.4910430205495,57.9903207136983,3.371,7.88898496592273,0.829359412193298,20.48583984,2.5,0.64426463842392
"2023","YR2023","Italy","ITA",6.4045000076294,100,57.1418238396626,44.2565839307453,12,3.59437585162293,26.6374968010209,69.7681231887873,33.3315893476608,1.2,1.8137542726883,32.8944947923712,0.975694840127005,52870.3261442897,17.6651591380703,23.0784564391973,24.6344572582016,103.566017150879,100.678756713867,31.7755885286565,87.0278,5.62219442195901,49.8,42.7294517851408,83.7,1.60646040928357,131.872,2.3,2.8,0.522413573707348,199.459678073854,-0.0499178457490556,32.25,30.4618459876699,65.1071778763174,7.627,14.5459593201289,0.550129175186157,23.64643097,2.5,1.11553084850311
"2023","YR2023","Jamaica","JAM",5.70270013809204,97.7,36.9793488070563,38.5041551246537,6,14.5503141401867,17.2435814566797,68.2061044031337,36.4788092089788,1.358,2.29897160435092,56.190757156048,2.74634433906714,11398.8120394641,15.9811206166166,23.4269896966463,21.5392143259663,87.7375451717876,85.4353132628153,40.8598241526171,89.473,6.47413734662063,69.469,46.1663926323529,71.479,1.18599590352408,115.092,18.3,19.3,16.8113957088423,262.214773776547,0.0226098931571573,28.5714285714286,41.5489850632571,78.88752670603,3.022,31.7277710267084,-0.112082988023758,20.2454052,7.7,0.56428599357605
"2023","YR2023","Japan","JPN",6.12900018692017,100,70.1001399306642,12.6368303066246,9,3.00513467595088,23.7088479999434,73.2860158386442,21.8515912402593,1.2,0.474278368651713,68.3957811364628,1.47503481053384,45858.6595131439,15.9811206166166,26.1821637488649,24.7344835596478,102.496421813965,102.344436645508,23.2992883238654,86.9815,3.26813365933163,62.9,44.9326623132591,84.0412195121951,1.13954641785041,178.432,1.8,2.4,0.111846653062437,341.54455749932,-0.487370782049143,10.3448275862069,7.9173096108527,45.1508795641248,2.6,7.8790588899942,1.3956606388092,12.23568153,3.9,1.10550534725189
"2023","YR2023","Jordan","JOR",4.1198000907898,100,55.1554977992581,11.5323107417168,10,3.27855772336101,16.3691939436539,80.3522103383423,43.5168833945194,2.639,3.92718313792336,1.09804716534901,2.88408339281683,9381.35436036929,15.9811206166166,23.4269896966463,21.5392143259663,98.2994873290949,91.9696843781763,56.8309853575149,92.5344,2.08486986327134,40.123,19.0928507977702,77.814,4.81224565580192,67.5457,12.2,13.2,8.5342141956866,128.828670856139,1.61225050235636,12.3076923076923,7.317763131664,100.347868752034,16.62,8.18226341011927,0.0886586904525757,34.4679451,14.3,-0.774707794189453
"2023","YR2023","Kazakhstan","KAZ",6.14389991760254,100,60.893935746271,79.3664851650183,9,12.0248423569605,19.8082307083233,68.1669269347162,34.650577449538,3.012,2.1854941498751,1.31214516427751,5.09999999973641,34703.2349286604,11.2471234717129,28.157135537565,37.0785108952914,98.9804493873135,95.2393054334066,27.6837063179642,92.8785,14.7249900200331,70.401,48.3230680353554,74.402,0.440775673081948,127.115,7.6,9.6,0.115996073438374,7.53050487091158,1.46415151694869,18.3673469387755,38.2439080500819,62.3342837675021,4.835,24.953358583172,-0.26659306883812,27.64227867,2.5,-1.00384140014648
"2023","YR2023","Kenya","KEN",4.48659992218018,76.2,67.6739373442667,49.5263223856783,12,47.1556460778454,12.1595903826143,40.6847771202981,16.890666978856,3.208,0.472521238226254,6.21662477880402,5.71999241214208,5691.82513474417,11.7769650802435,16.5707504717762,11.2691628956718,98.2483475806861,84.3083880306996,24.2204234378835,35,7.67139634029402,67.463,47.25095611573,63.646,0.975388127956637,120.612,34.7,39.9,3.93262959527649,95.2681371231706,1.98296028478422,23.2758620689655,68.3669659183571,41.1110904167396,5.409,64.2693582037439,-0.770913004875183,24.24565315,36.8,-0.124170683324337
"2023","YR2023","Korea, Rep.","KOR",5.95109987258911,100,41.4544025774417,16.0655737704918,9,5.32432842202518,23.9914232241802,70.684251824038,41.3214807367697,0.721,1.03221435142435,64.108606557377,1.58301467403629,54029.3434990785,17.7751832803211,31.8912200894147,32.2761724912913,100.301467895508,96.2983932495117,40.9365283348931,97.416,3.5974562502901,64.266,43.8227480936206,83.4292682926829,2.59925771052554,162.114,2.3,2.8,0.381341957760895,529.842407786885,0.077477253324535,19.0635451505017,18.8354448279579,82.2580090716629,2.675,18.1874620593958,0.894088566303253,31.75381851,2.5,0.8595951795578
"2023","YR2023","Kosovo","XKX",6.36759996414185,100,44.7976993017704,42.4367915620695,10,14.5503141401867,19.6802287144108,60.5871625686937,39.64047566608,1.545,8.68015870393432,30.1929030014588,4.06762701436438,14240.2030320365,12.5993329798923,33.9456293075627,3.27472906182064,99.7844886779785,96.0685445766014,70.3113759118221,83.1884,4.94432438791283,61.811,45.6101000783936,78.033,1.27351351798076,122.291,8.3,9.1,17.5065673926049,84.5003473000224,-4.95226324203524,27.3311897106109,50.8894420898485,109.951851577902,4.835,28.5289289452113,-0.185286059975624,30.88848877,3.9,-0.0888094082474709
"2023","YR2023","Kyrgyz Republic","KGZ",5.8253002166748,100,61.5475158691892,54.0085714285714,10,16.7709655704674,26.0018677091588,57.2271667203738,36.8882232535821,2.7,1.04737270916902,7.14337851929093,9.0132928339342,6575.77541290499,15.9811206166166,34.4590059457311,-4.25031303187302,98.0963360523919,91.2655243671618,95.485180658754,88.4701,10.7532770416742,56.921,39.3444828099474,72.2487804878049,3.45490593195541,108.591,14.9,17,18.773661768124,37.0164233576642,1.76957037310792,20,65.293560824638,132.373403912336,3.498,29.9347601469245,-1.22109532356262,42.26472855,5.1,-0.723200380802155
"2023","YR2023","Lao PDR","LAO",5.11070013046265,96.5,54.0669284232336,9.90987868284229,9,69.3876980673051,7.24890970605785,23.3633634152757,36.4788092089788,2.421,11.2425630959408,71.4558058925477,3.74568140158232,8372.15591874407,15.9811206166166,23.4269896966463,21.5392143259663,95.0382534939216,54.4330611689851,40.8598241526171,63.6255,31.2301341732646,65.99,46.5880119562145,68.964,1.5448976529505,64.7588,35.2,39,1.81268457051843,33.2105415944541,1.39237667233214,21.9512195121951,61.1929911482844,78.88752670603,1.186,76.9069957462894,-0.973836362361908,44.84078598,3.9,-1.63225436210632
"2023","YR2023","Latvia","LVA",6.21269989013672,100,58.7910304708067,31.6728266109593,11,5.83522321186928,23.3245439712967,70.840232816834,65.9896551482715,1.36,3.94830779361871,54.9959826450265,-0.941606068823631,37277.7217221317,20.112103306672,24.6916298440452,21.0279509863217,98.4666366577148,102.126243591309,69.653334005995,92.1879,8.93804623316637,60.985,49.6988169505035,75.6780487804878,2.97016956920808,119.91,2.5,3,2.88631577171599,30.2701269484172,0.22997050070229,32,31.6413683656939,135.642989154266,6.465,8.27463018952545,0.698113977909088,35.05759811,2.5,0.993027687072754
"2023","YR2023","Lebanon","LBN",2.39219999313354,100,57.5802354030357,65.9055522971652,10,3.51300056008433,20.123353070803,76.3636463691127,30.5514119674735,2.239,3.26435467389127,14.1867057673509,-0.760584470257314,11330.2687387422,5.16901441243845,1.89754409912655,-41.2060419770808,78.2026874196176,62.8279212477627,73.6549981017088,83.4933,221.341644023365,43.424,26.8136182886354,77.817,1.62409234575544,122.291,16,18.3,33.349773045666,564.368817204301,0.503630953855672,6.25,9.54759258024021,104.206410069182,10.985,19.3941428386248,-1.22706246376038,29.70126343,8.7,-0.654260396957397
"2023","YR2023","Liberia","LBR",4.0423002243042,32.5,76.2870435714976,19.9651162790698,6,42.5856167455119,8.20136751969499,49.2130157347932,36.4788092089788,3.95,7.11347042965831,78.1422342192691,4.68375688761311,1616.92373356695,15.9811206166166,23.4269896966463,21.5392143259663,99.7844886779785,96.0685445766014,40.8598241526171,23.4979,10.0944535665552,76.647,47.4835954641661,62.163,1.42410022779043,122.291,52.6,72.9,21.6447627671982,57.0289763289037,2.20390696065654,10.958904109589,45.002136517776,78.88752670603,2.905,77.3953609348577,-0.888349294662476,63.23887634,35.5,0.0538939349353313
"2023","YR2023","Lithuania","LTU",6.76300001144409,100,53.2410196696624,45.8945686900959,11,5.05918982976292,25.808480303668,69.132329866569,76.4728581033646,1.18,4.80150438624708,35.2301501597444,0.342262716277261,46159.7081733083,17.2754834531022,21.9341715222081,25.8379787143291,102.679946899414,105.428817749023,72.5690509112436,88.5029,9.11731962390475,62.886,49.3343153399276,76.9878048780488,2.71300052887971,137.204,2.8,3.4,1.22409792475394,45.87196485623,1.40084461829591,28.3687943262411,31.424545416801,149.041909014608,6.841,10.7859209223594,0.781545519828796,31.02016449,2.5,1.07111299037933
"2023","YR2023","Luxembourg","LUX",7.22790002822876,100,44.7725431159019,51.6606200912036,12,0.946506466671769,9.00283156041938,90.0506619729089,217.379822583978,1.25,-10.4511316835125,34.4538272103664,0.0994399943552651,130048.92038753,18.3408704839661,16.4259109763361,48.618586729151,99.0644607543945,107.744010925293,185.187145613366,99.3479,3.74140361983136,61.538,46.3118683540491,83.3585365853659,0.77317942181024,144.475,2,2.3,2.83927238374381,258.862052624628,2.02002574712319,33.3333333333333,5.1984699679213,402.566968197344,5.184,6.85390678809214,1.92665910720825,8.77390862,2.5,1.63266289234161
"2023","YR2023","Madagascar","MDG",4.01910018920898,39.4,75.1537300734546,70.2904778274321,5,69.8915361196731,9.83592011719846,20.2725437631284,27.0030474850644,3.972,3.27357918889341,21.2962600550017,4.20304615840668,1629.46097248642,16.6262406413491,19.9083555489204,11.80411156292,130.599039642521,96.0685445766014,34.1299942035502,20.3671,9.87432675044889,85.465,48.6426324610494,63.632,0.647758015406905,75.4563,44.2,64.8,1.96254272292413,53.6196837401169,2.46201530433165,18.5430463576159,68.0200561139054,61.1330416886146,3.044,84.7910373194925,-1.00018215179443,27.42209625,39.5,-0.319516479969025
"2023","YR2023","Malawi","MWI",3.49519991874695,15.6,78.280606285515,64.1705557912601,8,65.2994551680775,7.3286639879322,27.3718673513721,11.2450363894528,3.648,5.68592009976555,22.4406024607552,1.94575281675984,1649.29873234551,19.0395224898473,14.4830771619003,-4.21749232864847,135.974440781822,36.644092994481,31.1926320096439,17.9881,28.7897428247298,62.998,48.4621577098849,67.353,1.16535783959732,61.0866,29.4,38.3,1.35282219243253,223.84898175647,2.57135708610945,20.7253886010363,83.0251253334644,42.4376683990967,5.009,60.0058962741485,-0.602811515331268,12.00286865,21.4,0.0756149441003799
"2023","YR2023","Malaysia","MYS",6.01230001449585,100,42.3268043029121,26.0873535230558,6,9.74966658350567,25.9966868796068,64.2536465368875,68.6789535653168,1.55,1.97990062716743,57.7190381981434,3.5370638041057,32857.6676600774,11.9697728310015,22.8017590224926,27.5662045115268,91.5021106685076,79.4472788704033,63.9145080762826,97.6927,2.48886560125754,66.178,36.928399373767,76.657,0.981466758859051,142.732,6.8,8.1,0.426163280659906,106.913096941105,1.23402869169549,13.5135135135135,23.5565247894261,132.593461641599,3.858,22.1461272529112,0.295621365308762,37.09352112,2.5,0.0876194089651108
"2023","YR2023","Mali","MLI",4.19780015945435,54.5,95.5627428168982,35.4694668863046,9,63.8459121625936,8.64283764374913,27.5112501936573,24.7499499048026,5.614,2.83131972701562,10.896663634352,4.72541109080376,2860.42819002278,12.8416749921675,21.5452284920776,13.5118661193811,72.7972336510107,38.9389470920545,32.7833122774991,35.0921,2.05880228274223,67.208,39.1723882480824,60.439,3.77364142226059,122.291,57.6,91.3,4.21188284183315,19.4798572353486,2.97400537620334,28.5714285714286,68.9968110976765,57.5332621823016,2.947,76.4497311446465,-0.861831545829773,47.22994995,12.3,-1.01174712181091
"2023","YR2023","Malta","MLT",6.29990005493164,100,49.1465329757208,25.909375,11,1.110399242324,18.0198750670279,80.8697256906481,119.558228831642,1.06,108.806291988427,1.4375,10.6215185022616,60418.3949311068,16.435760263033,19.838129805231,37.8927519961095,97.7078399658203,103.027229309082,101.503606640763,92.0727,5.09396758978883,64.284,41.5346975809718,83.5073170731707,0.504866253628109,140.594,4.8,5.5,0.0688948837122508,1727.334375,3.99255876861009,27.8481012658228,4.3727722852035,221.061835472405,3.479,10.261356435023,0.10974658280611,30.92565918,2.5,0.913654506206512
"2023","YR2023","Mauritania","MRT",4.72389984130859,50.3,86.0514074690377,38.5272145144077,9,33.4051155296335,14.8268032180022,51.7680812523643,38.4070908149798,4.697,7.90868374475115,0.287611138061512,6.80949001978621,6276.4752107936,16.4865587126041,44.5439783104002,29.1927154256855,104.015072968957,96.0685445766014,53.7583536996945,37.3809,4.95305034506872,40.926,33.4070667973941,68.484,2.26048047574852,90.7725,31,37.8,1.56372947461603,4.87284466867178,2.96653079197429,23.2954545454545,40.2857535252942,92.1654445146742,10.37,53.8401728108733,-0.822652637958527,43.7736702,8.7,-0.656128466129303
"2023","YR2023","Mauritius","MUS",5.90229988098145,100,39.0159696460938,43.043264897346,12,5.07173696446363,21.1577548987047,73.7705081368316,69.0411453509364,1.39,5.39963130399295,19.4742113169755,5.00791900868131,26635.0124048697,14.3584873078916,19.9232351140484,15.6707116057833,110.911583276217,96.0685445766014,78.2802467779156,79.5,7.05298238454736,58.996,40.2938716234912,73.4121951219512,0.14048907662346,165.258,13.5,15.2,2.24116402633618,625.261392088132,-1.1051534726941,20,60.9960098907774,147.321392128852,5.571,15.5717369644636,0.453197360038757,45.2427063,8.7,0.615706980228424
"2023","YR2023","Mexico","MEX",6.32950019836426,99.7,49.0415538480472,50.6933879986625,14,11.9647587557082,25.0311265830107,63.0041249209599,36.0693951643755,1.91,1.70739186154278,33.5959176419147,3.35354140652768,21917.24858366,11.1313196484459,23.8945184286558,19.1006050406536,101.420753479004,102.055458068848,37.509466472149,81.1832,5.52796087314389,61.743,40.0692793435583,75.069,0.660371879752505,111.562,10.8,12.5,3.68332313946646,66.7402757272564,0.872178517508623,50,20.5265064251954,73.5788616365246,2.765,26.1101792283655,-1.02057874202728,41.23572922,2.7,-0.115086063742638
"2023","YR2023","Moldova","MDA",5.81920003890991,100,55.2962072281666,74.096568478591,10,51.1234637436782,13.3162782781413,35.5602579781805,35.1125857861262,1.731,2.15951089914844,11.7370179167932,1.2000000493378,15990.4793311152,17.9303159195662,20.084591001224,-3.68485857532885,106.673559179739,97.8896863952854,58.882035362679,80.2126,13.4170104381299,70.787,54.6828662727879,71.198,0.570612660188445,130.772,13.5,14.7,12.0387300286119,85.437584732506,-2.84274212689094,38.6138613861386,56.9988174438477,93.9946211488052,1.57,58.4945696961615,-0.28033846616745,27.468853,2.5,0.236791402101517
"2023","YR2023","Mongolia","MNG",5.84019994735718,100,60.0027669535657,68.9555729589301,12,28.3916817018137,22.6331829068751,48.9751353913113,76.2571171270924,2.7,11.0581069914836,9.09172405879304,7.4221127615025,16222.8638898529,13.0063852760592,33.9003731595217,42.4713555607024,93.0654411114222,96.8181201904352,66.607129472089,83.0162,10.347583131434,60.833,43.8666382526501,72.1224390243902,0.542565742478439,141.085,11.4,13.6,2.23995468059518,2.23365125312889,1.3708886685104,17.1052631578947,29.5535507202148,142.864246599181,5.178,39.2935505593375,-0.492604404687881,48.79919434,2.5,0.250342100858688
"2023","YR2023","Montenegro","MNE",5.7221999168396,100,55.7603675124215,19.5925650557621,9,4.45928847447194,18.4340814876454,77.1062500712437,49.229023063194,1.74,6.87914947745747,61.4869888475836,6.47836283518564,27243.51720726,17.8621887929582,25.4474865908397,7.0988631788984,106.109619140625,93.8724975585938,67.5776464751354,89.8052,8.58476910455403,58.564,46.600987864623,77.5878048780488,1.51875139564723,207.238,2.1,2.6,10.5300863110362,46.3590334572491,-0.00994290846928265,20.9876543209877,34.5268332375151,116.806669538329,13.146,14.9459877422762,-0.0793098732829094,26.33176041,2.5,0.342006295919418
"2023","YR2023","Morocco","MAR",4.9028000831604,100,51.1965827591372,66.7449381581896,9,29.0971569760556,23.2572707500458,47.6455722738986,42.4176033594569,2.23,0.725864122672683,12.9371068787811,3.65564411017931,8915.3515625,18.150541674579,28.9983598724931,20.7156821734291,117.598816130003,87.7346312462207,50.7002810585209,91,6.09114152504141,44.224,22.1697310591024,75.313,3.59263420161027,148.155,15.5,16.6,8.0456838833246,84.5003473000224,1.02195181223548,24.3037974683544,37.326249161122,93.1178844179777,8.896,36.1537678510381,-0.536348581314087,37.25432968,7,-0.489260077476501
"2023","YR2023","Mozambique","MOZ",4.9539999961853,36,90.5547175254326,52.7891502835779,10,73.051175428303,6.40173501323427,20.5470822426707,45.6142812306282,4.763,12.8268059338812,45.8130349195046,5.48149036541776,1512.27640791481,17.2118079322706,19.535274541865,4.70522360302669,99.7844886779785,96.0685445766014,60.4443321993941,19.8434,7.12697482131851,78.811,51.8760667404373,63.611,1.92823085749343,122.291,45.4,61.7,1.21711183933379,42.7721457819375,2.95358093047219,43.2,64.2850216851593,106.058613430022,6.661,83.9721727715252,-0.828437745571136,10.37066555,21.8,-0.593393087387085
"2023","YR2023","Myanmar","MMR",4.37249994277954,76.8,46.2092542209052,19.9140944121838,5,45.2453969645892,18.7442239550243,36.0103699401709,36.4788092089788,2.115,2.27715131661601,42.4023779245254,0.958446625126115,5364.13797034429,15.9811206166166,23.4269896966463,21.5392143259663,99.7844886779785,96.0685445766014,40.8598241526171,58.5357,5.97802515541409,55.192,37.7120869914658,66.889,3.75371612518577,121.028,34.1,38.7,1.64775199666723,82.9420656687147,0.698879396261223,27.3311897106109,69.6179281930534,78.88752670603,2.977,62.8150740990455,-1.21649932861328,71.12589264,5.4,-1.84359860420227
"2023","YR2023","Namibia","NAM",4.63079977035522,56.7,69.1003275178326,47.142562159142,7,22.9420926400213,16.3923920439261,60.6654022907959,43.6267689759435,3.212,18.4906995136203,7.80511120018463,4.44280600303956,10137.6726120025,21.7553488337535,28.0124983478241,4.49531888223999,119.460955801452,81.6173009252032,67.1439449900398,64.4061,5.87993463284275,58.898,48.1434642723668,67.385,2.74670698895234,87.6761,38.4,40.7,0.67588741519345,3.59909023551847,2.50947899094054,44.2307692307692,50.0454162169179,110.770713965983,19.154,30.4900323026183,0.110072031617165,7.49171019,18.1,0.583879411220551
"2023","YR2023","Nepal","NPL",5.36030006408691,94,54.0220133747515,26.1185908615277,9,23.9506972536467,30.8488008839251,45.2005018624282,7.00596728087278,1.984,0.182279066044198,41.5907220090687,1.98254843628392,4861.23030387639,6.62485343600964,31.1493001529726,7.22129909469196,126.553677663081,89.8898815141438,34.5641830124417,55.7716,7.11587261530826,39.379,36.9618098063648,70.354,1.07154635588773,122.291,23.3,26.5,26.2241089254704,207.147638646669,-0.0700958873206174,33.0882352941176,33.4567066546056,41.5701502933145,10.437,77.5335496980225,-0.50792795419693,59.38827515,5.3,-0.0231158602982759
"2023","YR2023","Netherlands","NLD",7.40299987792969,100,54.6264908553262,53.5491535491536,13,1.81273534650406,14.3319176387723,83.855356988618,87.4860612893795,1.43,-30.2430732965592,11.0574428274428,-0.598096167209832,70198.9297909022,24.9106541742808,20.0805040885297,30.0221971883561,104.15657043457,137.514724731445,77.5443681895531,97.0068,3.83839354342808,67.721,47.1394840213234,81.9146341463415,1.44136515676766,117.352,3.5,4,0.376317382521895,530.950905850906,0.990139686700227,40,4.6778317907871,165.030429478933,3.535,13.4632313382952,1.86710047721863,12.03399372,2.5,1.55626440048218
"2023","YR2023","New Zealand","NZL",7.12290000915527,100,54.2574461849167,36.8804830807793,10,5.61135048894207,20.537665966941,73.8510179512156,23.7150117429638,1.56,1.72217162155154,37.7892841137822,1.39425181563566,49508.2697230172,15.9811206166166,23.8211315596966,20.4132656989951,96.8670501708984,113.395988464355,26.6914199360875,96.1638,5.73316283034957,71.503,47.451972105023,83.0048780487805,1.22064828880902,126.855,4,4.7,0.217780673020847,19.7485853176864,2.3012774309073,44.2622950819672,16.1101008538771,50.4064316790513,3.734,13.0728738907581,2.08409547805786,12.5954752,2.5,1.68778347969055
"2023","YR2023","Nicaragua","NIC",6.25880002975464,88.3,52.8658369386387,42.3051354495596,7,31.0024502588875,16.9165438460527,52.0810058950598,45.8493717732877,2.218,6.25581189724963,25.8229183978727,4.42774384760374,7496.5292687685,12.8951938413098,22.1511227447242,8.84676868019652,109.536392211914,70.1749572753906,59.1537258378154,58.2314,8.38765854872536,65.891,39.6268980722554,74.947,0.554656019996368,105.843,10.3,13.4,26.1841025303411,56.702783779292,1.37167812196347,51.6483516483517,40.8749046325684,105.003097611103,4.698,39.3262430869109,-1.38844013214111,37.6333313,3.9,-1.38733541965485
"2023","YR2023","Niger","NER",4.50129985809326,20.1,98.164041724651,36.7873213862793,10,74.1907785749458,9.21317430646188,16.5960471185924,23.7067972001129,6.061,6.14147869426916,0.822957290597616,1.66763406484279,1689.56425367067,13.4392076221623,21.6844069972649,22.6224433354113,66.8804779933272,21.5605140503495,22.7687608629538,23.1879,3.70097316425834,79.56,44.9022020738884,61.183,1.97616000981122,65.735,67.4,114.8,3.73586664871377,20.6519831057077,3.29489175812772,27.3311897106109,82.2493126704763,46.4755580630668,0.407,84.2026758255113,-0.563843965530396,51.48022842,12.9,-0.695484280586243
"2023","YR2023","Nigeria","NGA",4.98059988021851,61.2,80.2464063402127,76.1972932793131,9,34.7048013096805,16.8218871130116,48.473302204451,36.4788092089788,4.482,0.384195197914633,23.2078900271199,3.32684556421316,7843.83461990405,15.9811206166166,23.4269896966463,21.5392143259663,89.5871124267578,46.8931503295898,40.8598241526171,39.2136,24.659550203114,82.559,48.438832511361,54.462,0.842654277365197,98.4773,60.1,104.9,4.01108712396646,250.20910328623,2.09838916935738,3.91061452513966,37.8253236844657,78.88752670603,3.074,66.9627274265273,-1.04097437858582,71.90481567,19.9,-0.548258185386658
"2023","YR2023","North Macedonia","MKD",5.25360012054443,100,52.8340697087164,49.6034892942109,13,7.77077360538756,31.0401708738092,61.1889090240533,67.3969980458635,1.5,4.04601094449743,39.7101506740682,2.554965253403,23455.319400522,14.934347481884,29.6278058870411,16.6275706463979,96.3131713867188,90.0724868774414,80.3972554372264,87.1819,9.36187249769016,51.751,42.2665864422422,75.3160975609756,1.69322815512816,104.837,2.8,3.3,2.9167769810413,72.474861221253,-0.212923714310977,42.5,37.7481677454221,147.79425348309,13.174,9.93863251143773,-0.34861546754837,39.57205582,2.5,0.162697300314903
"2023","YR2023","Norway","NOR",7.31549978256226,100,53.9423382909882,2.69580256403217,10,2.39527456618795,18.717207713094,78.8875177207181,47.9120990269837,1.4,2.85439221069972,33.5009745518434,0.0721204806030329,90085.4382059786,22.0477897050686,24.2545661042046,39.7149185180452,98.6104431152344,117.775093078613,32.4517466131432,99,5.51784987104659,65.944,47.1057658295012,83.1121951219512,1.81314737150102,122.291,1.9,2.4,0.199055742031322,15.1524995195871,1.13831142739624,46.1538461538462,16.9281439297834,80.3638456401269,3.574,4.26317646729594,2.11352157592773,13.68724823,2.5,1.77725434303284
"2023","YR2023","Pakistan","PAK",4.55539989471436,95.6,70.1673862519405,46.6933893731839,12,36.7740398149604,25.1521795336545,38.073780651385,10.4939587511564,3.605,0.608281270820624,4.67242631797426,-0.414935997088406,5418.7693189297,10.3442770582193,13.9681470393061,6.48837199463532,81.3796346128751,42.2911451386891,17.9737337958273,27.3759,30.7681280657005,52.372,22.6363011330963,67.649,2.88079974069692,76.5398,50.1,58.5,7.88805370627643,321.067474833956,1.54880458608849,20.4678362573099,61.1808138127209,28.4676925469837,5.237,55.8687963776163,-0.999357461929321,52.93231964,16.5,-0.959140300750732
"2023","YR2023","Panama","PAN",6.2645001411438,97,52.2832629253977,29.522326772715,11,14.70766439641,17.4619960017847,67.8303396018053,45.6292440103821,2.119,2.84826789984183,56.3439727689404,7.16632946099945,35872.9506479276,12.2638661007732,37.492889940595,40.4024674324981,95.2033935877376,96.0685445766014,42.719666518479,68.5485,1.48641355277038,65.144,40.7786354643625,79.594,1.5448976529505,156.587,10.6,13.3,0.61528196708061,60.1072930709086,1.30902688797168,22.5352112676056,34.1398728823916,88.3489105288611,6.544,36.0676492120657,-0.62809419631958,40.45503235,5.7,0.547549784183502
"2023","YR2023","Paraguay","PRY",5.73780012130737,99.8,54.2026658651783,54.1069421552674,13,17.1714177631387,18.009812150778,64.8187700860833,42.0641902129227,2.422,2.57834141880415,38.5449252640128,4.9992279112746,15826.087501295,12.1267410499793,20.1583849669205,21.8815546186085,90.3532686843589,79.7518585422984,40.3410205612346,78.0948,4.63202285403356,70.751,41.8940462872589,73.844,0.922071975751778,126.605,15.1,17,2.15882477388687,17.282671943072,1.23021616038983,22.5,30.6533918266306,82.4052107741573,5.794,36.2303155998669,-1.05772292613983,36.32289886,5.2,0.042024303227663
"2023","YR2023","Peru","PER",5.52589988708496,96.2,50.0391504388028,19.05121875,14,23.9668308634872,16.3581011845248,59.6750679519879,27.1353058241207,1.98,1.62534746680837,56.103020234375,-0.403242151494268,15327.5819994558,13.5642010031547,19.1844089781649,22.66983641954,113.900588989258,111.395393371582,23.6498783827457,79.4848,6.45561348369586,72.686,45.3332232054438,77.74,1.23585995220031,121.975,13.5,15.8,1.66573125648714,26.44188828125,1.09975320783678,38.7596899224806,15.2189744150255,50.7851842068664,4.899,48.6156423897245,-0.721040904521942,26.98286247,6.9,0.060481496155262
"2023","YR2023","Philippines","PHL",5.5229001045227,98,51.2166581870048,42.6689472448603,13,22.0370920130941,18.9439273601805,59.0189887451559,26.6368493470555,1.916,2.0421035482067,24.4600731126539,5.51894967862863,9898.53294588746,14.2212747884667,23.4061516163008,9.2598809930151,92.4462107015215,91.5493424610693,40.7831199703412,83.7661,5.97802515541409,61.42,41.5194056752544,69.833,1.17630268153778,117.276,22.1,26.9,8.9455180769963,385.321122178623,0.810000998681961,27.3311897106109,44.8757283831149,67.4199693173966,2.2,34.2583905496603,-0.537639975547791,44.36006165,3,-0.0168379731476307
"2023","YR2023","Poland","POL",6.25969982147217,100,53.040171083641,47.6050543637967,9,8.48668356607559,29.5362902481394,61.9770367351684,57.8812710195434,1.158,4.38918673390545,31.0804192379273,0.249610834017872,43672.7668014946,18.9482308008084,17.6684506133329,23.4060576106046,105.397079467773,108.386131286621,52.1436640222717,86.4147,11.5289127961105,59.23,45.8813628884705,78.5073170731707,3.26980459253118,135.146,3.7,4.4,1.05114006470983,119.787615502661,-0.365658526875775,29.3478260869565,40.1140438629786,110.024935041815,2.743,16.56065768225,0.565399944782257,15.84634209,2.5,0.626450896263123
"2023","YR2023","Portugal","PRT",5.96799993515015,100,58.7431554582857,43.33752194189,12,3.10706416299277,25.4765752478187,71.4163605891885,47.1554769314882,1.44,3.96325428743124,36.154994891142,3.09997909018263,41768.2549192626,16.6915492938731,20.4972768619235,21.6723770176959,110.98851776123,120.347076416016,45.9803767757157,85.7901,4.31128191898672,58.555,49.4230374664692,82.2804878048781,1.46642848168082,123.002,2.6,3.2,0.593684256641103,115.475189289738,1.36912985956796,36.0869565217391,38.7951347366336,93.1358537072038,6.498,10.2186690811122,0.696312069892883,29.30668449,2.5,1.21128296852112
"2023","YR2023","Romania","ROU",6.5890998840332,100,55.3509300976065,55.2633866481224,10,11.914744119708,33.1646621771703,54.9205809741838,39.2445975462886,1.71,2.50426860654842,30.1158292767733,2.25773416555121,40116.8555054263,17.1999939148178,26.2097285719548,21.3235912583088,84.946662902832,81.6316070556641,44.1307348599346,89.2034,10.3971874764996,51.739,42.44651056831,76.6073170731707,1.60357956167259,123.252,5.4,6.6,2.86550550052392,82.8453668289291,0.0659152146414443,19.0909090909091,47.8354252988133,83.3753324062231,5.589,13.3227318239018,0.0404953435063362,22.96146011,2.5,0.503180325031281
"2023","YR2023","Russian Federation","RUS",5.66069984436035,100,51.7902694468508,13.171076035897,11,5.4592687891054,25.9426079241619,68.5981232867327,22.4927119538767,1.41,-0.484918766027148,49.7843605035639,4.08252481259281,39887.33984375,17.9582539621367,27.0076136288036,32.7821615494015,97.7462041476013,92.4840470838527,18.3416144566506,92.245,5.86571931748967,62.135,48.6559699089437,73.2546341463415,5.40231844120686,180.842,3.7,4.5,0.126306674820383,8.78227219242749,-0.285217600763343,16.4444444444445,25.0194952126721,40.8343264105273,3.076,5.19803885060721,-1.10467827320099,28.39422226,2.5,-1.2855396270752
"2023","YR2023","Saudi Arabia","SAU",6.46260023117065,100,36.8306261402051,80.7732356758416,9,2.74111369312152,23.0569908594811,74.2019143925251,30.2425196271434,2.28,1.87131032249407,0.454484134921779,0.542592439393161,64481.8441927288,20.9337084424946,29.2016398479372,35.5176016239169,99.7844886779785,96.0685445766014,23.9264922012249,100,2.32708518362699,65.336,19.0369896509199,78.732,7.28424248969983,157.775,4.9,6.2,0.0256318852551406,15.6779493787476,4.63821572656175,19.8675496688742,15.7037611684585,54.1690118283683,4.008,1.57374630001703,0.536042988300323,14.11603928,2.5,-1.41669249534607
"2023","YR2023","Senegal","SEN",4.85510015487671,74.2,73.0702280774448,49.4000934919233,11,31.4642947647286,22.2534331304009,46.2822899759848,23.1048516643818,3.818,15.6044600024418,41.2827091881785,4.2574308328029,4304.76148720232,8.0703764544053,41.928839419992,16.745517836011,85.4523658596434,44.0673682244069,48.2881732483628,60.6122,5.93947798773215,51.881,36.2512189829326,68.683,1.47655823980403,123.912,30.2,38.5,10.6434131462934,93.8948371682335,2.38738348832592,46.0606060606061,45.3007723809206,71.3930249127445,2.784,63.5514222455658,0.0578322261571884,44.32556534,5.1,0.133976578712463
"2023","YR2023","Serbia","SRB",6.14359998703003,100,57.94954577942,40.3853014627185,8,18.4539281735717,27.6230736287523,53.922998197676,55.0746098125196,1.61,6.06995232091603,32.3896349149721,3.74793303561771,25735.2402009063,17.1267778521403,24.616093487475,20.273248469294,99.7844886779785,96.0685445766014,59.4174548307005,85.3575,12.3719043552519,58.095,46.9035619559185,76.2209756097561,2.20807318692135,128.471,4.5,5.2,7.0960644346216,78.7630277084077,-0.621120944154492,34.8,37.8565350770262,114.49206464322,8.268,24.0494455233662,-0.447204262018204,32.13853073,2.5,-0.0550001598894596
"2023","YR2023","Sierra Leone","SLE",3.13759994506836,35.5,71.6396127509545,54.7104461069548,9,45.5559970491456,11.210434836656,43.2335681141984,20.9636585202107,3.791,2.27421424673208,34.2988362427265,5.7100218981806,3034.94608285625,5.50037312032248,19.7051016386647,6.3456217341916,159.416853770084,86.9079513549805,34.3231384246837,20.635,47.6428733253179,53.633,48.6964371888447,61.786,0.603276275520294,122.291,56.2,94.3,4.56684008106211,117.214075921308,2.19524258771884,28.1879194630873,55.190675008849,55.2867969448945,3.092,86.4983984141748,-0.574557840824127,54.4692421,24.1,-0.296392291784286
"2023","YR2023","Singapore","SGP",6.58669996261597,100,33.1253772353762,0.919220055710306,6,0.0795801860241645,13.8432992197459,86.0771205942299,181.561322405378,0.97,26.2141035698283,20.933147632312,1.82140694115385,129555.245509242,9.9992117137858,21.2437977714338,58.4117285201216,100.245139192048,103.082801906213,144.131901648402,94.2852,4.83372362825798,69.394,44.0142986455818,82.8951219512195,2.83014132029943,173.2,1.7,2.1,1.8786395323162,8241.8495821727,4.85831607781442,29.126213592233,0,325.69322405378,3.444,9.06840038273305,2.04018402099609,25.41850281,3.9,-0.0654119327664375
"2023","YR2023","Slovak Republic","SVK",6.46859979629517,100,51.4188207516504,37.9575707154742,11,3.12353260529978,34.6834393505543,62.193028044146,91.4935561325084,1.49,0.393861455912485,40.05615640599,2.11263633214959,39518.2209359245,19.9979297175368,19.7276184665634,21.3238583751304,103.090553283691,92.6436767578125,89.8973162239414,87.2131,10.5319476645211,61.172,47.012771243853,78.0170731707317,1.83861085562872,138.233,5.1,6.1,2.04292332913555,112.868968386023,-0.0923148510113108,22,46.809194980354,181.39087235645,5.843,12.4017512016968,0.292565286159515,20.15309143,3.1,0.912476003170013
"2023","YR2023","Slovenia","SVN",6.64989995956421,100,56.8926761847261,30.355856862599,9,4.02423309323114,32.1154950731268,63.860271833642,83.4382737313632,1.51,2.09028809314832,61.1748938389332,2.3758326648385,47977.4268117652,19.1972075944159,22.510001872287,29.2268800341133,100.884101867676,107.626876831055,76.7213955695369,90.3779,7.44687717385838,58.057,45.6101000783936,81.9780487804878,1.32131919558764,129.228,1.8,2.2,1.33494617852124,105.31480791676,0.396216782960902,37.7777777777778,44.4621072210125,160.1596693009,3.652,10.9647991555924,0.776647090911865,12.39192963,2.5,1.07909941673279
"2023","YR2023","South Africa","ZAF",5.2746000289917,87.7,48.3679344695214,79.4178502831612,9,5.49732948486909,20.5773773387953,73.9253046339629,33.2538127556816,2.216,1.0127377916456,13.965072665672,0.80610455095804,13695.3755694076,19.1795974311491,15.3913174995668,16.6259678639812,101.772235793474,104.133480684239,32.4260632183892,75.6592,6.0752438457966,55.02,46.2730482961842,66.139,0.754561053349382,171.509,24.4,34.7,0.210618728835036,52.1085690262058,1.32810094082844,45.8646616541353,36.4176294836455,65.6798759740707,32.098,10.9086745806021,-0.284670442342758,6.69263172,10,0.744892179965973
"2023","YR2023","Spain","ESP",6.43620014190674,100,51.3142228402432,49.5753269878931,10,3.49782243390975,20.0267520644379,76.475420743869,37.8166476493913,1.12,2.89981565316893,37.1925889548355,2.46085796805582,47322.5937004504,19.470863508931,21.1209265029601,24.9565851961695,103.002769470215,118.361709594727,33.9809889561819,95.4456,3.53236133492433,57.588,46.977199724974,83.8829268292683,1.4715775760116,127.715,2.6,3.1,0.339088077031013,96.7636173412149,1.17836618688432,44.2857142857143,19.871508998144,71.7976366055733,12.179,10.4141698214737,0.629368722438812,20.85539818,2.5,1.19472968578339
"2023","YR2023","Sri Lanka","LKA",4.44159984588623,100,51.745033375023,48.6081474296799,11,26.456025466166,26.2644369729241,47.2795375609099,20.689136230194,1.974,0.851705946554554,34.0048496605238,-2.3298481898334,13024.9404319855,6.77749233444335,24.5850342832275,22.4270764580967,91.4511421235026,87.9534065332114,22.8470940659011,51.2,16.5411742279832,47.4,32.685708113275,77.483,1.64003079587098,142.277,5.3,6.1,7.19406597922512,356.239896540576,-0.651320770103285,5.33333333333333,79.8544651557537,43.5362302960951,4.528,39.2992566916584,-0.383976995944977,54.81069946,7.4,-0.231143683195114
"2023","YR2023","Sweden","SWE",7.3951997756958,100,60.736055655035,7.32192403074128,10,1.76882294206255,17.2817107652127,80.9494472010676,55.1958779701806,1.45,3.22512369002956,68.7013529108454,-0.204061304891439,62662.765279776,26.3170240463134,25.2626527566229,28.0346992530099,115.019523620605,134.244293212891,52.4238314737936,95.7033,8.54862489748902,64.931,47.3744517467356,83.309756097561,1.50126036606591,140.266,2,2.5,0.670256262604243,25.8713678886243,0.472717863265105,46.4183381088825,11.368783839062,107.619709443974,7.611,7.03710979747757,2.0282461643219,12.95748615,2.5,1.57483160495758
"2023","YR2023","Switzerland","CHE",7.24009990692139,100,52.9575219043034,37.7938948048868,11,2.24192024656799,19.9140536785394,77.8440260748926,73.3331587674762,1.33,-12.9086989818136,32.3827380818297,0.683328174376044,82295.2993346568,11.2574218352381,25.9871467150257,37.3334621253233,102.282958984375,102.965591430664,61.9868434816136,97.3444,2.13540088016377,67.454,46.823273239064,84.0560975609756,0.705659021596424,128.64,3.5,3.9,0.390234902671994,224.978619136651,1.26498425447772,38.5,14.8145787320185,135.32000224909,4.043,9.68043706798858,2.02199912071228,22.02737427,2.5,1.66502690315247
"2023","YR2023","Tajikistan","TJK",5.32980012893677,100,67.1019442904471,27.9465379350097,9,45.0625065545736,16.8133535660091,38.1241398794172,17.1918374601415,3.072,1.14813698883392,3.07514950644859,8.29999921651935,4472.3241378777,10.6621971920935,31.6513056719952,-0.242577694901877,96.9759265270236,88.4022015902249,48.4428635765939,56.791,5.97802515541409,38.094,29.4119730331785,71.79,2.39642126155182,122.291,22.9,27.3,37.8445781946342,74.8598530153469,2.01812009749216,26.984126984127,73.8109872428571,65.6347010367354,7.037,28.5289289452113,-1.37873339653015,62.36102676,8.4,-1.63467013835907
"2023","YR2023","Tanzania","TZA",3.69379997253418,48.3,84.3899011707131,44.6163919620682,7,65.1616409810771,8.04453818145295,26.7938240159534,17.1954298762755,4.606,2.08641570952108,50.0541883043576,5.06952353203394,3620.79345703125,8.75962998482192,41.0023887360591,37.1209695585374,95.6409804093201,96.0685445766014,21.0166049300635,29.0638,3.79923291384916,83.766,49.0347393586017,66.995,1.210113658261,105.4,29.9,38.9,1.56634796086625,75.2061481146986,2.90250073555304,37.4045801526718,64.5251980565046,38.212034806339,1.565,84.0442207117152,-0.319897323846817,27.93128014,20.2,-0.533726751804352
"2023","YR2023","Thailand","THA",5.84299993515015,100,42.4662473757894,43.7980778641195,9,30.2203833465474,21.9241712091058,47.8554430043835,65.4445629404008,1.212,2.00183400496619,38.6873886746658,2.01775095328327,21191.4540309274,16.6164810176384,22.4605099910508,25.9020885265046,102.574975655738,93.3356315272258,63.3795512119745,89.5353,8.47805174421543,67.814,46.0176001960906,76.412,1.1309417952786,168.643,8,9.2,1.8786395323162,140.348088629646,-0.0458651887192549,18.8376753507014,39.0658073425293,128.824114152375,0.733,49.7201215492207,-0.489050775766373,9.93404865,4.6,-0.450371354818344
"2023","YR2023","Togo","TGO",4.13740015029907,59.2,75.5812237552942,70.2334988049274,10,38.805696721505,18.1832060347853,43.0110972437097,36.4788092089788,4.192,0.812296154474204,22.0700496414782,6.19211576941919,2842.23076240747,15.9811206166166,23.4269896966463,21.5392143259663,116.335465545392,63.4192515229188,40.8598241526171,37.0223,5.48928568141131,57.921,48.5561737980616,62.739,3.04669540490778,75.7907,35.9,58.3,1.8786395323162,171.067052767053,2.33345506489111,19.7802197802198,56.7503146967564,78.88752670603,1.942,75.7108704513656,-0.619174957275391,64.34121704,9.1,-0.782707870006561
"2023","YR2023","Tunisia","TUN",4.49669981002808,100,50.6050838772721,62.4388516992791,9,12.84771276379,33.3168762548639,53.8354109813461,53.0393939110608,1.832,1.46351333844229,4.55278063851699,0.184015548469745,12650.9615158166,19.4187952219205,8.20796640437897,2.15789621314626,104.424217224121,96.0685445766014,59.0894641022935,72.3542,9.32899597507865,45.78,29.9536959484962,76.508,2.48712212584858,134.136,10.6,12.9,5.95811983250858,78.530065653965,0.666925034776371,16.2337662337662,29.9733313513416,112.128858013354,15.106,18.1042841059229,-0.341899782419205,37.93983841,3,-0.21289698779583
"2023","YR2023","Turkiye","TUR",4.61350011825562,100,46.7152423180544,50.1383781817237,12,14.6426868701889,27.5933277392277,57.7639762862523,31.9135926809724,1.51,0.933806495534912,29.479568104154,5.04512369812289,35069.1701714685,13.2360600879054,34.5882765114043,32.7322533994824,99.7844886779785,96.0685445766014,33.7696157928943,85.9607,53.8594087593315,53.313,33.7733158299225,77.156,1.71991880187465,105.684,9.1,12.8,0.0901648572680328,110.866214934449,0.406389351118662,19.8333333333333,10.9781553203879,65.6832084738667,9.388,23.9397520247123,-0.50248908996582,19.04723167,2.5,-0.860576987266541
"2023","YR2023","Uganda","UGA",4.43249988555908,51.5,85.4896724288882,71.8880909634949,7,65.8927506516622,7.18398773652279,26.9232663241872,11.6017089255499,4.283,6.13816501913594,11.0419703770197,5.33697295511469,2791.05576885861,9.56616058785446,22.8160132458418,18.8235854558807,99.7844886779785,96.0685445766014,21.739987404672,15.2524,5.35094804280395,79.998,48.1418698304378,68.252,1.80686571158733,76.2967,27.6,38.8,3.10402269113861,242.65210951526,2.80083228962433,33.8129496402878,69.3940640604505,33.3416963302219,2.754,74.8270512389391,-1.04257476329803,32.17179489,22,-0.695845246315002
"2023","YR2023","Ukraine","UKR",5.07140016555786,100,48.927142092575,71.2996202968588,11,14.5503141401867,19.6802287144108,60.5871625686937,28.300468273727,0.977,2.52287921090664,16.7552640662755,5.53473354963334,15916.9580078125,41.8556928744753,18.0705046393604,-2.83817300675125,99.7844886779785,96.0685445766014,49.2091459198387,82.3755,12.8490222828559,61.811,45.6101000783936,73.422,36.5281725077224,122.758,7.8,8.1,8.25895300735777,65.1239834311357,-8.42300777431605,20.4326923076923,30.5245544972394,77.5096141935657,4.835,28.5289289452113,-0.686146318912506,30.88848877,6.9,-0.100543133914471
"2023","YR2023","United Arab Emirates","ARE",6.57119989395142,100,22.0026623838262,5.51539988735567,12,1.51613932797365,30.7827300526736,67.7011452667683,106.846139017261,1.2,5.87184069440898,4.46775556181357,4.30118228020602,70239.8552855072,12.2173883594796,26.6386707861598,42.9107908072088,106.259950303562,101.944972436447,92.1988402202852,100,1.62670837213248,78.367,22.302109602984,82.909,1.5448976529505,199.424,4,5,0.359500450678101,147.616882568291,3.97717097504667,50,14.3319300997474,199.044979237546,2.151,1.60374551990489,1.07366383075714,9.66616821,2.5,-1.0949410200119
"2023","YR2023","United Kingdom","GBR",6.79559993743896,100,57.846397332052,70.3073227793163,11,0.876663094174889,15.9171060665142,83.2062219244254,31.9122697629938,1.56,0.403116734836793,13.2907130161617,0.271650048355255,52592.6822066393,20.2413809642158,18.4594014019513,17.2915567531586,102.555801391602,112.403617858887,33.0801144117865,96.2988,6.79396706793963,61.811,47.5312443095413,81.2380975609756,2.23063973904322,122.796,4,4.5,0.13115224032166,283.106683751498,1.30497972307431,34.6153846153846,16.8398067108665,64.9923841747803,4.025,11.8606529577705,1.48091387748718,14.6293354,2.5,1.26162397861481
"2023","YR2023","United States","USA",6.89370012283325,100,53.908799692093,46.0829793974695,12,1.5696095192715,19.3356581942933,79.0947316958393,11.1844126402687,1.6165,1.32618252590589,33.8669264120375,2.88755600749487,74158.7164155605,15.9811206166166,21.8792709647143,17.3875791309142,99.7844886779785,96.0685445766014,14.1059171480679,93.1444,4.11633838374488,62.08,45.5675714150187,78.3853658536585,3.304441637598,112.411,5.5,6.5,0.0307780574276945,36.8198061311277,0.83149318773707,28.9655172413793,19.928438880822,25.2903297883366,3.638,3.75894143719088,1.12343263626099,10.92723846,2.5,0.877519071102142
"2023","YR2023","Uruguay","URY",6.49389982223511,100,52.6676318563048,81.3541309564621,14,8.56640858566501,18.7931621310847,72.6403679570717,28.1403012343037,1.409,-6.72904061401343,11.9643469317792,0.742128785315927,31059.2537072459,16.9963640196447,17.5353424867451,20.9049248631579,104.532465643859,119.105005958635,24.7706858321593,89.896,5.86910359896119,64.584,45.6296661818296,78.138,2.11561237275002,141.719,5.5,6.7,0.172593352704533,19.3582504856588,-0.0835522251458198,26.2626262626263,4.4560394287109,52.910987066463,8.355,24.6242542732107,1.57394731044769,17.09811211,2.5,1.28379380702972
"2023","YR2023","Uzbekistan","UZB",6.01429986953735,100,57.6444238962333,58.0551458073301,12,26.1279176228967,24.1341945506432,49.7378951792477,24.4247464665459,3.5,2.10084902446518,8.54914331101781,6.29141635082311,10007.685502618,14.4844754028732,34.6156267803286,17.0674128594588,93.4888259225367,97.3839945834102,41.6803978374881,89.0136,9.95659071258018,57.743,35.8315808675141,72.388,1.5448976529505,106.885,12.7,13.3,13.8041936750861,80.9084466129581,2.02114614047908,33.5714285714286,49.0035158885432,66.1051443040339,4.434,33.7413811548802,-0.807529330253601,64.05923462,2.5,-1.30965662002563
"2023","YR2023","Venezuela, RB","VEN",5.21059989929199,100,55.0083324049546,24.3750354288306,17,9.18092202736474,17.3276921466437,73.4913759782388,18.0669268537087,2.079,0.0126982233499548,52.2338793719177,4.00168591128376,18382.9976800475,15.9811206166166,5.32602340018542,13.3652693703899,111.130409240723,97.229606628418,10.0276808835044,83.1884,5.97802515541409,51.366,36.0707399386253,72.514,0.500704497643446,70.2197,21.5,24.3,1.8786395323162,32.0853171588912,0.310851368612458,27.3311897106109,10.750372379775,28.0946077372131,5.407,36.9972192900539,-1.69000518321991,29.6867485,5.9,-1.5313206911087
"2023","YR2023","Viet Nam","VNM",5.7632999420166,99.8,47.5514131558407,39.2147376279795,10,26.9827056291982,33.467876483268,39.5494160842561,86.4674192371297,1.913,4.26407109843686,47.4454820708996,5.06502391455075,13545.9346616752,8.84756445434067,31.6465959765628,36.8403160372159,105.170807361038,96.0685445766014,78.3506520327642,78.08,3.25289282667662,73.545,48.7588848460667,74.588,1.5448976529505,130.991,14,20,3.2268646150333,320.175197572656,0.671429250652247,30.2605210420842,61.8701095581055,164.818071269894,1.645,52.3405074390883,-0.415814280509949,39.20284653,5.3,-1.24185371398926
"2023","YR2023","West Bank and Gaza","PSE",4.90780019760132,100,72.928715183441,64.9294605809129,10,14.5503141401867,19.6802287144108,60.5871625686937,17.745505073426,3.311,0.580098297204125,1.68298755186722,-4.55580428525744,5361.13098084938,20.2483205307067,25.5974092190118,-19.2274721395794,91.4422361153306,89.1210984011759,61.7876612934855,86.6377,5.87110177678988,61.811,45.6101000783936,65.17,1.5448976529505,76.6919,14.3,26.3,18.1771962667696,857.390041493776,2.39326476511584,27.3311897106109,13.1423129584114,79.5331663669115,4.835,28.5289289452113,-0.676133513450623,42.07169342,3.9,-1.11806666851044
"2023","YR2023","Zambia","ZMB",3.98219990730286,51.1,78.1069920863262,32.0679589448338,7,55.9688338193251,9.9236380116809,34.107528168994,40.8461239686718,4.101,2.32465335614826,59.523784150984,5.36794285493059,3673.4841969922,13.312782708599,31.4450686240954,39.5821069916192,99.7844886779785,96.0685445766014,37.3957630764767,33,10.884531691282,61.961,46.2714195496748,66.349,1.33879038934617,102.062,30.9,44.7,0.890885868311164,27.8776483407095,2.79406758723844,14.9700598802395,54.9714146478415,78.2418870451485,5.861,70.7345316379205,-0.477706879377365,10.28683281,37.2,-0.0479462631046772
"2023","YR2023","Zimbabwe","ZWE",3.20350003242493,62,81.6253517563755,41.791706346129,7,55.4494320997712,11.3921702410775,33.1583806866399,17.1170760050918,3.724,1.68432122793783,44.7366421093447,5.3508687909833,5218.02266462129,11.9689867430753,10.0230432587302,3.9659370246055,93.2383787742938,96.0685445766014,23.1741851996024,38.4266,5.97802515541409,67.786,49.7984844057932,62.775,0.209793581326229,91.6344,40.6,44.2,9.20296621227039,42.24071862479,1.67709591394986,30.6818181818182,60.7080629204205,40.2912612046942,9.348,68.4333523425461,-1.26121604442596,10.63479233,19.7,-1.09263300895691
